fpr,tpr,threshold,tag,artifact_source
0.0,0.0,inf,MEASURED-devbox,"06_analysis/data/decisions_146_k8.jsonl split by 06_analysis/scripts/subsystem_match.is_in_corpus; deterministic, no model calls; recomputed 2026-09-09"
0.0,0.009346,0.833,MEASURED-devbox,"06_analysis/data/decisions_146_k8.jsonl split by 06_analysis/scripts/subsystem_match.is_in_corpus; deterministic, no model calls; recomputed 2026-09-09"
0.025641,0.018692,0.818,MEASURED-devbox,"06_analysis/data/decisions_146_k8.jsonl split by 06_analysis/scripts/subsystem_match.is_in_corpus; deterministic, no model calls; recomputed 2026-09-09"
0.025641,0.046729,0.8,MEASURED-devbox,"06_analysis/data/decisions_146_k8.jsonl split by 06_analysis/scripts/subsystem_match.is_in_corpus; deterministic, no model calls; recomputed 2026-09-09"
0.051282,0.056075,0.778,MEASURED-devbox,"06_analysis/data/decisions_146_k8.jsonl split by 06_analysis/scripts/subsystem_match.is_in_corpus; deterministic, no model calls; recomputed 2026-09-09"
0.051282,0.065421,0.773,MEASURED-devbox,"06_analysis/data/decisions_146_k8.jsonl split by 06_analysis/scripts/subsystem_match.is_in_corpus; deterministic, no model calls; recomputed 2026-09-09"
0.051282,0.074766,0.769,MEASURED-devbox,"06_analysis/data/decisions_146_k8.jsonl split by 06_analysis/scripts/subsystem_match.is_in_corpus; deterministic, no model calls; recomputed 2026-09-09"
0.051282,0.130841,0.75,MEASURED-devbox,"06_analysis/data/decisions_146_k8.jsonl split by 06_analysis/scripts/subsystem_match.is_in_corpus; deterministic, no model calls; recomputed 2026-09-09"
0.051282,0.149533,0.737,MEASURED-devbox,"06_analysis/data/decisions_146_k8.jsonl split by 06_analysis/scripts/subsystem_match.is_in_corpus; deterministic, no model calls; recomputed 2026-09-09"
0.051282,0.168224,0.722,MEASURED-devbox,"06_analysis/data/decisions_146_k8.jsonl split by 06_analysis/scripts/subsystem_match.is_in_corpus; deterministic, no model calls; recomputed 2026-09-09"
0.051282,0.186916,0.72,MEASURED-devbox,"06_analysis/data/decisions_146_k8.jsonl split by 06_analysis/scripts/subsystem_match.is_in_corpus; deterministic, no model calls; recomputed 2026-09-09"
0.076923,0.186916,0.714,MEASURED-devbox,"06_analysis/data/decisions_146_k8.jsonl split by 06_analysis/scripts/subsystem_match.is_in_corpus; deterministic, no model calls; recomputed 2026-09-09"
0.076923,0.196262,0.708,MEASURED-devbox,"06_analysis/data/decisions_146_k8.jsonl split by 06_analysis/scripts/subsystem_match.is_in_corpus; deterministic, no model calls; recomputed 2026-09-09"
0.076923,0.224299,0.7,MEASURED-devbox,"06_analysis/data/decisions_146_k8.jsonl split by 06_analysis/scripts/subsystem_match.is_in_corpus; deterministic, no model calls; recomputed 2026-09-09"
0.076923,0.242991,0.692,MEASURED-devbox,"06_analysis/data/decisions_146_k8.jsonl split by 06_analysis/scripts/subsystem_match.is_in_corpus; deterministic, no model calls; recomputed 2026-09-09"
0.076923,0.252336,0.684,MEASURED-devbox,"06_analysis/data/decisions_146_k8.jsonl split by 06_analysis/scripts/subsystem_match.is_in_corpus; deterministic, no model calls; recomputed 2026-09-09"
0.076923,0.271028,0.682,MEASURED-devbox,"06_analysis/data/decisions_146_k8.jsonl split by 06_analysis/scripts/subsystem_match.is_in_corpus; deterministic, no model calls; recomputed 2026-09-09"
0.076923,0.280374,0.679,MEASURED-devbox,"06_analysis/data/decisions_146_k8.jsonl split by 06_analysis/scripts/subsystem_match.is_in_corpus; deterministic, no model calls; recomputed 2026-09-09"
0.076923,0.336449,0.667,MEASURED-devbox,"06_analysis/data/decisions_146_k8.jsonl split by 06_analysis/scripts/subsystem_match.is_in_corpus; deterministic, no model calls; recomputed 2026-09-09"
0.076923,0.345794,0.658,MEASURED-devbox,"06_analysis/data/decisions_146_k8.jsonl split by 06_analysis/scripts/subsystem_match.is_in_corpus; deterministic, no model calls; recomputed 2026-09-09"
0.076923,0.35514,0.654,MEASURED-devbox,"06_analysis/data/decisions_146_k8.jsonl split by 06_analysis/scripts/subsystem_match.is_in_corpus; deterministic, no model calls; recomputed 2026-09-09"
0.076923,0.364486,0.65,MEASURED-devbox,"06_analysis/data/decisions_146_k8.jsonl split by 06_analysis/scripts/subsystem_match.is_in_corpus; deterministic, no model calls; recomputed 2026-09-09"
0.102564,0.364486,0.647,MEASURED-devbox,"06_analysis/data/decisions_146_k8.jsonl split by 06_analysis/scripts/subsystem_match.is_in_corpus; deterministic, no model calls; recomputed 2026-09-09"
0.102564,0.392523,0.643,MEASURED-devbox,"06_analysis/data/decisions_146_k8.jsonl split by 06_analysis/scripts/subsystem_match.is_in_corpus; deterministic, no model calls; recomputed 2026-09-09"
0.102564,0.420561,0.636,MEASURED-devbox,"06_analysis/data/decisions_146_k8.jsonl split by 06_analysis/scripts/subsystem_match.is_in_corpus; deterministic, no model calls; recomputed 2026-09-09"
0.102564,0.439252,0.633,MEASURED-devbox,"06_analysis/data/decisions_146_k8.jsonl split by 06_analysis/scripts/subsystem_match.is_in_corpus; deterministic, no model calls; recomputed 2026-09-09"
0.102564,0.448598,0.63,MEASURED-devbox,"06_analysis/data/decisions_146_k8.jsonl split by 06_analysis/scripts/subsystem_match.is_in_corpus; deterministic, no model calls; recomputed 2026-09-09"
0.102564,0.457944,0.629,MEASURED-devbox,"06_analysis/data/decisions_146_k8.jsonl split by 06_analysis/scripts/subsystem_match.is_in_corpus; deterministic, no model calls; recomputed 2026-09-09"
0.128205,0.485981,0.625,MEASURED-devbox,"06_analysis/data/decisions_146_k8.jsonl split by 06_analysis/scripts/subsystem_match.is_in_corpus; deterministic, no model calls; recomputed 2026-09-09"
0.128205,0.495327,0.622,MEASURED-devbox,"06_analysis/data/decisions_146_k8.jsonl split by 06_analysis/scripts/subsystem_match.is_in_corpus; deterministic, no model calls; recomputed 2026-09-09"
0.128205,0.523364,0.621,MEASURED-devbox,"06_analysis/data/decisions_146_k8.jsonl split by 06_analysis/scripts/subsystem_match.is_in_corpus; deterministic, no model calls; recomputed 2026-09-09"
0.153846,0.551402,0.615,MEASURED-devbox,"06_analysis/data/decisions_146_k8.jsonl split by 06_analysis/scripts/subsystem_match.is_in_corpus; deterministic, no model calls; recomputed 2026-09-09"
0.153846,0.598131,0.609,MEASURED-devbox,"06_analysis/data/decisions_146_k8.jsonl split by 06_analysis/scripts/subsystem_match.is_in_corpus; deterministic, no model calls; recomputed 2026-09-09"
0.179487,0.626168,0.6,MEASURED-devbox,"06_analysis/data/decisions_146_k8.jsonl split by 06_analysis/scripts/subsystem_match.is_in_corpus; deterministic, no model calls; recomputed 2026-09-09"
0.179487,0.635514,0.583,MEASURED-devbox,"06_analysis/data/decisions_146_k8.jsonl split by 06_analysis/scripts/subsystem_match.is_in_corpus; deterministic, no model calls; recomputed 2026-09-09"
0.179487,0.64486,0.579,MEASURED-devbox,"06_analysis/data/decisions_146_k8.jsonl split by 06_analysis/scripts/subsystem_match.is_in_corpus; deterministic, no model calls; recomputed 2026-09-09"
0.205128,0.64486,0.577,MEASURED-devbox,"06_analysis/data/decisions_146_k8.jsonl split by 06_analysis/scripts/subsystem_match.is_in_corpus; deterministic, no model calls; recomputed 2026-09-09"
0.25641,0.663551,0.571,MEASURED-devbox,"06_analysis/data/decisions_146_k8.jsonl split by 06_analysis/scripts/subsystem_match.is_in_corpus; deterministic, no model calls; recomputed 2026-09-09"
0.307692,0.691589,0.562,MEASURED-devbox,"06_analysis/data/decisions_146_k8.jsonl split by 06_analysis/scripts/subsystem_match.is_in_corpus; deterministic, no model calls; recomputed 2026-09-09"
0.307692,0.700935,0.558,MEASURED-devbox,"06_analysis/data/decisions_146_k8.jsonl split by 06_analysis/scripts/subsystem_match.is_in_corpus; deterministic, no model calls; recomputed 2026-09-09"
0.358974,0.700935,0.556,MEASURED-devbox,"06_analysis/data/decisions_146_k8.jsonl split by 06_analysis/scripts/subsystem_match.is_in_corpus; deterministic, no model calls; recomputed 2026-09-09"
0.384615,0.700935,0.552,MEASURED-devbox,"06_analysis/data/decisions_146_k8.jsonl split by 06_analysis/scripts/subsystem_match.is_in_corpus; deterministic, no model calls; recomputed 2026-09-09"
0.410256,0.700935,0.55,MEASURED-devbox,"06_analysis/data/decisions_146_k8.jsonl split by 06_analysis/scripts/subsystem_match.is_in_corpus; deterministic, no model calls; recomputed 2026-09-09"
0.435897,0.71028,0.545,MEASURED-devbox,"06_analysis/data/decisions_146_k8.jsonl split by 06_analysis/scripts/subsystem_match.is_in_corpus; deterministic, no model calls; recomputed 2026-09-09"
0.435897,0.719626,0.542,MEASURED-devbox,"06_analysis/data/decisions_146_k8.jsonl split by 06_analysis/scripts/subsystem_match.is_in_corpus; deterministic, no model calls; recomputed 2026-09-09"
0.461538,0.728972,0.538,MEASURED-devbox,"06_analysis/data/decisions_146_k8.jsonl split by 06_analysis/scripts/subsystem_match.is_in_corpus; deterministic, no model calls; recomputed 2026-09-09"
0.461538,0.738318,0.536,MEASURED-devbox,"06_analysis/data/decisions_146_k8.jsonl split by 06_analysis/scripts/subsystem_match.is_in_corpus; deterministic, no model calls; recomputed 2026-09-09"
0.487179,0.747664,0.533,MEASURED-devbox,"06_analysis/data/decisions_146_k8.jsonl split by 06_analysis/scripts/subsystem_match.is_in_corpus; deterministic, no model calls; recomputed 2026-09-09"
0.512821,0.757009,0.526,MEASURED-devbox,"06_analysis/data/decisions_146_k8.jsonl split by 06_analysis/scripts/subsystem_match.is_in_corpus; deterministic, no model calls; recomputed 2026-09-09"
0.512821,0.775701,0.524,MEASURED-devbox,"06_analysis/data/decisions_146_k8.jsonl split by 06_analysis/scripts/subsystem_match.is_in_corpus; deterministic, no model calls; recomputed 2026-09-09"
0.512821,0.785047,0.517,MEASURED-devbox,"06_analysis/data/decisions_146_k8.jsonl split by 06_analysis/scripts/subsystem_match.is_in_corpus; deterministic, no model calls; recomputed 2026-09-09"
0.538462,0.831776,0.5,MEASURED-devbox,"06_analysis/data/decisions_146_k8.jsonl split by 06_analysis/scripts/subsystem_match.is_in_corpus; deterministic, no model calls; recomputed 2026-09-09"
0.564103,0.831776,0.484,MEASURED-devbox,"06_analysis/data/decisions_146_k8.jsonl split by 06_analysis/scripts/subsystem_match.is_in_corpus; deterministic, no model calls; recomputed 2026-09-09"
0.564103,0.841121,0.48,MEASURED-devbox,"06_analysis/data/decisions_146_k8.jsonl split by 06_analysis/scripts/subsystem_match.is_in_corpus; deterministic, no model calls; recomputed 2026-09-09"
0.589744,0.850467,0.476,MEASURED-devbox,"06_analysis/data/decisions_146_k8.jsonl split by 06_analysis/scripts/subsystem_match.is_in_corpus; deterministic, no model calls; recomputed 2026-09-09"
0.589744,0.869159,0.474,MEASURED-devbox,"06_analysis/data/decisions_146_k8.jsonl split by 06_analysis/scripts/subsystem_match.is_in_corpus; deterministic, no model calls; recomputed 2026-09-09"
0.589744,0.878505,0.471,MEASURED-devbox,"06_analysis/data/decisions_146_k8.jsonl split by 06_analysis/scripts/subsystem_match.is_in_corpus; deterministic, no model calls; recomputed 2026-09-09"
0.589744,0.88785,0.462,MEASURED-devbox,"06_analysis/data/decisions_146_k8.jsonl split by 06_analysis/scripts/subsystem_match.is_in_corpus; deterministic, no model calls; recomputed 2026-09-09"
0.615385,0.88785,0.458,MEASURED-devbox,"06_analysis/data/decisions_146_k8.jsonl split by 06_analysis/scripts/subsystem_match.is_in_corpus; deterministic, no model calls; recomputed 2026-09-09"
0.615385,0.897196,0.455,MEASURED-devbox,"06_analysis/data/decisions_146_k8.jsonl split by 06_analysis/scripts/subsystem_match.is_in_corpus; deterministic, no model calls; recomputed 2026-09-09"
0.641026,0.897196,0.452,MEASURED-devbox,"06_analysis/data/decisions_146_k8.jsonl split by 06_analysis/scripts/subsystem_match.is_in_corpus; deterministic, no model calls; recomputed 2026-09-09"
0.641026,0.906542,0.45,MEASURED-devbox,"06_analysis/data/decisions_146_k8.jsonl split by 06_analysis/scripts/subsystem_match.is_in_corpus; deterministic, no model calls; recomputed 2026-09-09"
0.666667,0.906542,0.444,MEASURED-devbox,"06_analysis/data/decisions_146_k8.jsonl split by 06_analysis/scripts/subsystem_match.is_in_corpus; deterministic, no model calls; recomputed 2026-09-09"
0.692308,0.906542,0.436,MEASURED-devbox,"06_analysis/data/decisions_146_k8.jsonl split by 06_analysis/scripts/subsystem_match.is_in_corpus; deterministic, no model calls; recomputed 2026-09-09"
0.717949,0.906542,0.435,MEASURED-devbox,"06_analysis/data/decisions_146_k8.jsonl split by 06_analysis/scripts/subsystem_match.is_in_corpus; deterministic, no model calls; recomputed 2026-09-09"
0.74359,0.906542,0.429,MEASURED-devbox,"06_analysis/data/decisions_146_k8.jsonl split by 06_analysis/scripts/subsystem_match.is_in_corpus; deterministic, no model calls; recomputed 2026-09-09"
0.794872,0.925234,0.417,MEASURED-devbox,"06_analysis/data/decisions_146_k8.jsonl split by 06_analysis/scripts/subsystem_match.is_in_corpus; deterministic, no model calls; recomputed 2026-09-09"
0.820513,0.925234,0.412,MEASURED-devbox,"06_analysis/data/decisions_146_k8.jsonl split by 06_analysis/scripts/subsystem_match.is_in_corpus; deterministic, no model calls; recomputed 2026-09-09"
0.871795,0.934579,0.4,MEASURED-devbox,"06_analysis/data/decisions_146_k8.jsonl split by 06_analysis/scripts/subsystem_match.is_in_corpus; deterministic, no model calls; recomputed 2026-09-09"
0.897436,0.943925,0.389,MEASURED-devbox,"06_analysis/data/decisions_146_k8.jsonl split by 06_analysis/scripts/subsystem_match.is_in_corpus; deterministic, no model calls; recomputed 2026-09-09"
0.923077,0.953271,0.375,MEASURED-devbox,"06_analysis/data/decisions_146_k8.jsonl split by 06_analysis/scripts/subsystem_match.is_in_corpus; deterministic, no model calls; recomputed 2026-09-09"
0.923077,0.962617,0.368,MEASURED-devbox,"06_analysis/data/decisions_146_k8.jsonl split by 06_analysis/scripts/subsystem_match.is_in_corpus; deterministic, no model calls; recomputed 2026-09-09"
0.923077,0.971963,0.353,MEASURED-devbox,"06_analysis/data/decisions_146_k8.jsonl split by 06_analysis/scripts/subsystem_match.is_in_corpus; deterministic, no model calls; recomputed 2026-09-09"
0.923077,0.981308,0.35,MEASURED-devbox,"06_analysis/data/decisions_146_k8.jsonl split by 06_analysis/scripts/subsystem_match.is_in_corpus; deterministic, no model calls; recomputed 2026-09-09"
0.974359,0.981308,0.286,MEASURED-devbox,"06_analysis/data/decisions_146_k8.jsonl split by 06_analysis/scripts/subsystem_match.is_in_corpus; deterministic, no model calls; recomputed 2026-09-09"
1.0,0.981308,0.27,MEASURED-devbox,"06_analysis/data/decisions_146_k8.jsonl split by 06_analysis/scripts/subsystem_match.is_in_corpus; deterministic, no model calls; recomputed 2026-09-09"
1.0,0.990654,0.267,MEASURED-devbox,"06_analysis/data/decisions_146_k8.jsonl split by 06_analysis/scripts/subsystem_match.is_in_corpus; deterministic, no model calls; recomputed 2026-09-09"
1.0,1.0,0.263,MEASURED-devbox,"06_analysis/data/decisions_146_k8.jsonl split by 06_analysis/scripts/subsystem_match.is_in_corpus; deterministic, no model calls; recomputed 2026-09-09"
1.0,1.0,-inf,MEASURED-devbox,"06_analysis/data/decisions_146_k8.jsonl split by 06_analysis/scripts/subsystem_match.is_in_corpus; deterministic, no model calls; recomputed 2026-09-09"
